,,,Breakpoint Positions
,,In Alignment, ,In Recombinant Sequence, ,Relative to OR371570_human_CHN_2022_HAstV-4-Fuzhou-2022-10_NA_,, , , , , , Detection Methods
Recombination Event Number, Number In .RDP File, Begin, End,Begin, End,Begin, End, Recombinant Sequence(s), Minor Parental Sequence(s), Major Parental Sequence(s), RDP, GENECONV, Bootscan, Maxchi, Chimaera, SiSscan,PhylPro, LARD, 3Seq
 1 ,1, 4193, 2501, 3852, 2271, 3852, 2271,OP432296_human_CHN_2021_NA_HAstV-4-RC-21047_NA_ser,ON571597_human_CHN_2019_NA_2019-Pingtan-42_feces_s,OP432298_human_CHN_2022_NA_HAstV-4-QD-S-22015_NA_s, 8.33774682050119E-102, 2.88528614288439E-96, 1.38679137126108E-31, 7.79505480555203E-38, 1.22174856900437E-37, 5.20215154103327E-45,NS,NS, 1.6242562850266E-11,
 1,,,,,,,,,ON571596_human_CHN_2019_NA_2019-Fuzhou-306_feces_s,OR371570_human_CHN_2022_HAstV-4-Fuzhou-2022-10_NA_
 1,,,,,,,,,LC694995_human_JPN_2020_NA_HAstV1-192642-Tokyo-202,ON571598_human_CHN_2021_NA_2021-Fuzhou-37_feces_se
 1,,,,,,,,,LC694994_human_JPN_2020_NA_HAstV1-193055-Tokyo-202,OP432301_human_CHN_2022_NA_HAstV-4-QD-L-22019_NA_s
 1,,,,,,,,,LC694992_human_JPN_2021_NA_HAstV1-210628-Tokyo-202,OP432300_human_CHN_2022_NA_HAstV-4-QD-S-22022_NA_s
 1,,,,,,,,,LC694990_human_JPN_2018_NA_HAstV1-181937-Tokyo-201,OP432299_human_CHN_2021_NA_HAstV-4-RC-21045_NA_ser
 1,,,,,,,,,LC694989_human_JPN_2021_NA_HAstV1-210956-Tokyo-202,OP432297_human_CHN_2022_NA_HAstV-4-QD-L-22001_NA_s
 1,,,,,,,,,LC694988_human_JPN_2021_NA_HAstV1-210963-Tokyo-202,OP432295_human_CHN_2022_NA_HAstV-4-QD-F-22056_NA_s
 1,,,,,,,,,LC694987_human_JPN_2021_NA_HAstV1-210984-Tokyo-202,OP432294_human_CHN_2022_NA_HAstV-4-QD-L-22040_NA_s
 1,,,,,,,,,LC694986_human_JPN_2022_NA_HAstV1-211185-Tokyo-202,OP432293_human_CHN_2021_NA_HAstV-4-RC-21027_NA_ser
 1,,,,,,,,,MT832897_human_BRA_2015_MAstV-1-Hu-BRA-TO-161-2015,MT906854_human_BRA_2015_Hu-BRA-TO-71-2015_BRA-TO-7
 1,,,,,,,,,MT832896_human_BRA_2015_MAstV-1-Hu-BRA-TO-208-2015,KF039913_NA_RUS_2010_NA_Rus-Nsc10-N358_NA_serotype
 1,,,,,,,,,MT832895_human_BRA_2015_MAstV-1-Hu-BRA-TO-171-2015,KF039912_NA_RUS_2005_NA_Rus-Nsc05-623_NA_serotype_
 1,,,,,,,,,MT832894_human_BRA_2011_MAstV-1-Hu-BRA-TO-162-2011,MK059952_human_USA_NA_Oxford_NA_cell-culture_serot
 1,,,,,,,,,MT832893_human_BRA_2015_MAstV-1-Hu-BRA-TO-160-2015,DQ344027_NA_CHN_NA_NA_Guangzhou_NA_serotype_4
 1,,,,,,,,,MT832892_human_BRA_2015_MAstV-1-Hu-BRA-TO-98-2015_,DQ070852_NA_BRA_NA_NA_Goiania-GO-12-95-Brazil_NA_s
 1,,,,,,,,,MN433704_human_USA_2013_Hu-US-2013-CA-RGDS-1071_NA,AY720891_NA_NA_NA_Dresden_NA_NA_serotype_4
 1,,,,,,,,,MN433703_human_USA_2013_Hu-US-2013-CA-RGDS-1070_NA,
 1,,,,,,,,,HQ398856_human_HUN_2010_Hu-Nyergesujfalu-HUN4520-2,
 1,,,,,,,,,MK059949_human_USA_NA_Oxford_NA_cell-culture_serot,
 1,,,,,,,,,L23513_NA_NA_NA_NA_Oxford_NA_serotype_1,
 1,,,,,,,,,Z25771_NA_NA_NA_NA_NA_NA_serotype_1,

 2 ,3, 4195, 2034, 3938, 1834, 3854, 1834,^MW485042_human_KEN_2019_KLF-HAstV2-005-2019_NA_NA_,Unknown (KF039912_NA_RUS_2005_NA_Rus-Nsc05-623_NA_serotype_),MN433705_human_USA_2014_Hu-US-2014-CA-RGDS-1072_NA, 1.66410249779419E-64, 1.29742718143393E-45, 2.6925206839376E-56, 1.33828977816761E-26, 1.39890447556441E-28, 3.98888444384234E-26,NS,NS, 8.12128142513302E-12,
 2,,,,,,,,KC285152_human_RUS_2011_NA_HAstV-2-RUS-Novosibirsk,Unknown(OR371570_human_CHN_2022_HAstV-4-Fuzhou-2022-10_NA_),
 2,,,,,,,,KF039911_NA_RUS_2006_NA_Rus-Nsc06-1029_NA_serotype,Unknown(ON571598_human_CHN_2021_NA_2021-Fuzhou-37_feces_se),
 2,,,,,,,,,Unknown(OP432301_human_CHN_2022_NA_HAstV-4-QD-L-22019_NA_s),
 2,,,,,,,,,Unknown(OP432300_human_CHN_2022_NA_HAstV-4-QD-S-22022_NA_s),
 2,,,,,,,,,Unknown(OP432299_human_CHN_2021_NA_HAstV-4-RC-21045_NA_ser),
 2,,,,,,,,,Unknown(OP432298_human_CHN_2022_NA_HAstV-4-QD-S-22015_NA_s),
 2,,,,,,,,,Unknown(OP432297_human_CHN_2022_NA_HAstV-4-QD-L-22001_NA_s),
 2,,,,,,,,,Unknown(OP432295_human_CHN_2022_NA_HAstV-4-QD-F-22056_NA_s),
 2,,,,,,,,,Unknown(OP432294_human_CHN_2022_NA_HAstV-4-QD-L-22040_NA_s),
 2,,,,,,,,,Unknown(OP432293_human_CHN_2021_NA_HAstV-4-RC-21027_NA_ser),
 2,,,,,,,,,Unknown(MT906855_human_BRA_2014_Hu-BRA-TO-26-2014_BRA-TO-2),
 2,,,,,,,,,Unknown(MT906854_human_BRA_2015_Hu-BRA-TO-71-2015_BRA-TO-7),
 2,,,,,,,,,Unknown(MT906853_human_BRA_2014_Hu-BRA-TO-207-2014_BRA-TO-),
 2,,,,,,,,,Unknown(KF039913_NA_RUS_2010_NA_Rus-Nsc10-N358_NA_serotype),
 2,,,,,,,,,Unknown(MK059952_human_USA_NA_Oxford_NA_cell-culture_serot),
 2,,,,,,,,,Unknown(DQ344027_NA_CHN_NA_NA_Guangzhou_NA_serotype_4),

 3 ,4, 4195, 1497, 3918, 1485, 3854, 1485,^LC732124_human_JPN_2016_Human-JPN-2016-JP14989_Chi,MK059952_human_USA_NA_Oxford_NA_cell-culture_serot,MK059951_human_USA_NA_Oxford_NA_cell-culture_serot, 3.29713676194619E-50,NS, 1.08237024403142E-44, 1.11744970705214E-28, 4.53319974163179E-26, 4.87719368612025E-18,NS,NS, 1.01973219541543E-54,
 3,,,,,,,,LC732123_human_JPN_2016_Human-JPN-2016-JP14665_Chi,OR371570_human_CHN_2022_HAstV-4-Fuzhou-2022-10_NA_,JF491430_human_RUS_2004_NA_Rus-Nsc04-H355_NA_serot
 3,,,,,,,,LC732122_human_JPN_2016_Human-JPN-2016-JP14641_Chi,ON571598_human_CHN_2021_NA_2021-Fuzhou-37_feces_se,GU732187_human_RUS_2008_NA_Rus-Nsc08-3364_NA_serot
 3,,,,,,,,LC694985_human_JPN_2019_NA_HAstV3-190610-Tokyo-201,OP432301_human_CHN_2022_NA_HAstV-4-QD-L-22019_NA_s,GU223905_human_RUS_2003_NA_Rus-Nsc03-H191_NA_serot
 3,,,,,,,,MN444721_human_USA_2017_Hu-US-2017-CA-RGDS-1074_NA,OP432300_human_CHN_2022_NA_HAstV-4-QD-S-22022_NA_s,
 3,,,,,,,,MK296753_human_IRL_2018_Hu-HAstV3-2016-East-Irelan,OP432299_human_CHN_2021_NA_HAstV-4-RC-21045_NA_ser,
 3,,,,,,,,MG571777_human_VEN_2015_NA_NA_stool_serotype_3,OP432298_human_CHN_2022_NA_HAstV-4-QD-S-22015_NA_s,
 3,,,,,,,,,OP432297_human_CHN_2022_NA_HAstV-4-QD-L-22001_NA_s,
 3,,,,,,,,,OP432295_human_CHN_2022_NA_HAstV-4-QD-F-22056_NA_s,
 3,,,,,,,,,OP432294_human_CHN_2022_NA_HAstV-4-QD-L-22040_NA_s,
 3,,,,,,,,,OP432293_human_CHN_2021_NA_HAstV-4-RC-21027_NA_ser,
 3,,,,,,,,,MT906855_human_BRA_2014_Hu-BRA-TO-26-2014_BRA-TO-2,
 3,,,,,,,,,MT906854_human_BRA_2015_Hu-BRA-TO-71-2015_BRA-TO-7,
 3,,,,,,,,,MT906853_human_BRA_2014_Hu-BRA-TO-207-2014_BRA-TO-,
 3,,,,,,,,,MN433705_human_USA_2014_Hu-US-2014-CA-RGDS-1072_NA,
 3,,,,,,,,,KF039913_NA_RUS_2010_NA_Rus-Nsc10-N358_NA_serotype,
 3,,,,,,,,,KF039912_NA_RUS_2005_NA_Rus-Nsc05-623_NA_serotype_,
 3,,,,,,,,,MK059956_human_USA_NA_Oxford_NA_cell-culture_serot,
 3,,,,,,,,,DQ344027_NA_CHN_NA_NA_Guangzhou_NA_serotype_4,
 3,,,,,,,,,DQ070852_NA_BRA_NA_NA_Goiania-GO-12-95-Brazil_NA_s,
 3,,,,,,,,,AY720891_NA_NA_NA_Dresden_NA_NA_serotype_4,
 3,,,,,,,,,AF260508_NA_NA_NA_Yuc-8_NA_NA_serotype_8,

 4 ,5, 4192, 1494, 3932, 1482, 3851, 1482,^KF039910_NA_RUS_2005_NA_Rus-Nsc05-430_NA_serotype_,KP862744_human_KOR_2014_NA_kor85_human-stool_serot,JF491430_human_RUS_2004_NA_Rus-Nsc04-H355_NA_serot, 9.68203867947357E-27, 6.9922842815539E-40, 5.58836996244007E-38, 3.26767318647142E-08, 7.061434362461E-16, 4.90866029320447E-32,NS,NS, 4.95398166933114E-09,
 4,,,,,,,,,MK059956_human_USA_NA_Oxford_NA_cell-culture_serot,MT267483_human_ZAF_2015_SA6118_NA_Fecal-Specimen_s
 4,,,,,,,,,AF260508_NA_NA_NA_Yuc-8_NA_NA_serotype_8,GU732187_human_RUS_2008_NA_Rus-Nsc08-3364_NA_serot
 4,,,,,,,,,,GU223905_human_RUS_2003_NA_Rus-Nsc03-H191_NA_serot
 4,,,,,,,,,,MK059951_human_USA_NA_Oxford_NA_cell-culture_serot

 5 ,6, 554, 1331, 542, 1319, 542, 1319,MT267483_human_ZAF_2015_SA6118_NA_Fecal-Specimen_s,MK059952_human_USA_NA_Oxford_NA_cell-culture_serot,MK059951_human_USA_NA_Oxford_NA_cell-culture_serot, 2.2709033884542E-39,NS, 7.95035318546356E-37, 1.24249458467388E-13, 4.10086923629868E-15, 4.23575444316501E-11,NS,NS, 1.6242562850266E-11,
 5,,,,,,,,,OR371570_human_CHN_2022_HAstV-4-Fuzhou-2022-10_NA_,JF491430_human_RUS_2004_NA_Rus-Nsc04-H355_NA_serot
 5,,,,,,,,,OQ630461_human_GIN_2021_NA_SEN-21-286-S1_Stool-Sam,GU732187_human_RUS_2008_NA_Rus-Nsc08-3364_NA_serot
 5,,,,,,,,,ON571598_human_CHN_2021_NA_2021-Fuzhou-37_feces_se,GU223905_human_RUS_2003_NA_Rus-Nsc03-H191_NA_serot
 5,,,,,,,,,ON571594_human_CHN_2019_NA_2019-Fuzhou-26_feces_se,
 5,,,,,,,,,OP432301_human_CHN_2022_NA_HAstV-4-QD-L-22019_NA_s,
 5,,,,,,,,,OP432300_human_CHN_2022_NA_HAstV-4-QD-S-22022_NA_s,
 5,,,,,,,,,OP432299_human_CHN_2021_NA_HAstV-4-RC-21045_NA_ser,
 5,,,,,,,,,OP432298_human_CHN_2022_NA_HAstV-4-QD-S-22015_NA_s,
 5,,,,,,,,,OP432297_human_CHN_2022_NA_HAstV-4-QD-L-22001_NA_s,
 5,,,,,,,,,OP432295_human_CHN_2022_NA_HAstV-4-QD-F-22056_NA_s,
 5,,,,,,,,,OP432294_human_CHN_2022_NA_HAstV-4-QD-L-22040_NA_s,
 5,,,,,,,,,OP432293_human_CHN_2021_NA_HAstV-4-RC-21027_NA_ser,
 5,,,,,,,,,LC694997_human_JPN_2018_NA_HAstV1-181289-Tokyo-201,
 5,,,,,,,,,LC694996_human_JPN_2018_NA_HAstV1-181290-Tokyo-201,
 5,,,,,,,,,LC694992_human_JPN_2021_NA_HAstV1-210628-Tokyo-202,
 5,,,,,,,,,LC694990_human_JPN_2018_NA_HAstV1-181937-Tokyo-201,
 5,,,,,,,,,LC694987_human_JPN_2021_NA_HAstV1-210984-Tokyo-202,
 5,,,,,,,,,MT832897_human_BRA_2015_MAstV-1-Hu-BRA-TO-161-2015,
 5,,,,,,,,,MT832896_human_BRA_2015_MAstV-1-Hu-BRA-TO-208-2015,
 5,,,,,,,,,MT832895_human_BRA_2015_MAstV-1-Hu-BRA-TO-171-2015,
 5,,,,,,,,,MT832894_human_BRA_2011_MAstV-1-Hu-BRA-TO-162-2011,
 5,,,,,,,,,MT832893_human_BRA_2015_MAstV-1-Hu-BRA-TO-160-2015,
 5,,,,,,,,,MT832892_human_BRA_2015_MAstV-1-Hu-BRA-TO-98-2015_,
 5,,,,,,,,,MT906855_human_BRA_2014_Hu-BRA-TO-26-2014_BRA-TO-2,
 5,,,,,,,,,MT906854_human_BRA_2015_Hu-BRA-TO-71-2015_BRA-TO-7,
 5,,,,,,,,,MT906853_human_BRA_2014_Hu-BRA-TO-207-2014_BRA-TO-,
 5,,,,,,,,,MW485040_human_KEN_2019_KLF-HAstV1-008-2019_NA_NA_,
 5,,,,,,,,,MN433705_human_USA_2014_Hu-US-2014-CA-RGDS-1072_NA,
 5,,,,,,,,,MN433704_human_USA_2013_Hu-US-2013-CA-RGDS-1071_NA,
 5,,,,,,,,,MN433703_human_USA_2013_Hu-US-2013-CA-RGDS-1070_NA,
 5,,,,,,,,,HQ398856_human_HUN_2010_Hu-Nyergesujfalu-HUN4520-2,
 5,,,,,,,,,FJ755405_human_CHN_2007_Beijing-293-2007-CHN_NA_st,
 5,,,,,,,,,FJ755404_human_CHN_2007_Beijing-291-2007-CHN_NA_st,
 5,,,,,,,,,FJ755402_human_CHN_2005_Beijing-128-2005-CHN_NA_st,
 5,,,,,,,,,KP862744_human_KOR_2014_NA_kor85_human-stool_serot,
 5,,,,,,,,,KF039913_NA_RUS_2010_NA_Rus-Nsc10-N358_NA_serotype,
 5,,,,,,,,,KF039912_NA_RUS_2005_NA_Rus-Nsc05-623_NA_serotype_,
 5,,,,,,,,,KC342249_human_CHN_2012_NA_km1_stool-sample_seroty,
 5,,,,,,,,,NC_030922_NA_IND_2004_NA_V1347_NA_serotype_1,
 5,,,,,,,,,MK059956_human_USA_NA_Oxford_NA_cell-culture_serot,
 5,,,,,,,,,MK059950_human_USA_NA_Oxford_NA_cell-culture_serot,
 5,,,,,,,,,DQ344027_NA_CHN_NA_NA_Guangzhou_NA_serotype_4,
 5,,,,,,,,,AY720891_NA_NA_NA_Dresden_NA_NA_serotype_4,
 5,,,,,,,,,AF260508_NA_NA_NA_Yuc-8_NA_NA_serotype_8,

 6 ,7, 38, 1632, 26, 1548, 26, 1548,^KC342249_human_CHN_2012_NA_km1_stool-sample_seroty,MN433705_human_USA_2014_Hu-US-2014-CA-RGDS-1072_NA,MN433703_human_USA_2013_Hu-US-2013-CA-RGDS-1070_NA, 3.36055068281476E-35, 9.37517230229897E-12, 2.28715277421047E-34, 6.94449144364756E-15, 6.95146740406176E-17, 3.19091788736186E-14,NS,NS, 1.6242562850266E-11,
 6,,,,,,,,ON571594_human_CHN_2019_NA_2019-Fuzhou-26_feces_se,,ON571597_human_CHN_2019_NA_2019-Pingtan-42_feces_s
 6,,,,,,,,,,ON571596_human_CHN_2019_NA_2019-Fuzhou-306_feces_s
 6,,,,,,,,,,LC694995_human_JPN_2020_NA_HAstV1-192642-Tokyo-202
 6,,,,,,,,,,LC694994_human_JPN_2020_NA_HAstV1-193055-Tokyo-202
 6,,,,,,,,,,LC694993_human_JPN_2020_NA_HAstV1-193061-Tokyo-202
 6,,,,,,,,,,LC694992_human_JPN_2021_NA_HAstV1-210628-Tokyo-202
 6,,,,,,,,,,LC694991_human_JPN_2021_NA_HAstV1-210764-Tokyo-202
 6,,,,,,,,,,LC694990_human_JPN_2018_NA_HAstV1-181937-Tokyo-201
 6,,,,,,,,,,LC694989_human_JPN_2021_NA_HAstV1-210956-Tokyo-202
 6,,,,,,,,,,LC694988_human_JPN_2021_NA_HAstV1-210963-Tokyo-202
 6,,,,,,,,,,LC694987_human_JPN_2021_NA_HAstV1-210984-Tokyo-202
 6,,,,,,,,,,LC694986_human_JPN_2022_NA_HAstV1-211185-Tokyo-202
 6,,,,,,,,,,MT832897_human_BRA_2015_MAstV-1-Hu-BRA-TO-161-2015
 6,,,,,,,,,,MT832896_human_BRA_2015_MAstV-1-Hu-BRA-TO-208-2015
 6,,,,,,,,,,MT832895_human_BRA_2015_MAstV-1-Hu-BRA-TO-171-2015
 6,,,,,,,,,,MT832894_human_BRA_2011_MAstV-1-Hu-BRA-TO-162-2011
 6,,,,,,,,,,MT832893_human_BRA_2015_MAstV-1-Hu-BRA-TO-160-2015
 6,,,,,,,,,,MT832892_human_BRA_2015_MAstV-1-Hu-BRA-TO-98-2015_
 6,,,,,,,,,,MN433704_human_USA_2013_Hu-US-2013-CA-RGDS-1071_NA
 6,,,,,,,,,,HQ398856_human_HUN_2010_Hu-Nyergesujfalu-HUN4520-2
 6,,,,,,,,,,MK059949_human_USA_NA_Oxford_NA_cell-culture_serot
 6,,,,,,,,,,L23513_NA_NA_NA_NA_Oxford_NA_serotype_1
 6,,,,,,,,,,Z25771_NA_NA_NA_NA_NA_NA_serotype_1

 7 ,8, 2740, 2928, 2510, 2698, 2510, 2698,OP432296_human_CHN_2021_NA_HAstV-4-RC-21047_NA_ser,LC694992_human_JPN_2021_NA_HAstV1-210628-Tokyo-202,OP432297_human_CHN_2022_NA_HAstV-4-QD-L-22001_NA_s, 9.7582496606203E-34, 1.15126416384903E-31, 3.93650778794323E-20, 2.80078709429229E-08, 2.77575584448973E-08, 5.82827429765958E-08,NS,NS, 1.6242562850266E-11,
 7,,,,,,,,,OQ630461_human_GIN_2021_NA_SEN-21-286-S1_Stool-Sam,OR371570_human_CHN_2022_HAstV-4-Fuzhou-2022-10_NA_
 7,,,,,,,,,ON571597_human_CHN_2019_NA_2019-Pingtan-42_feces_s,ON571598_human_CHN_2021_NA_2021-Fuzhou-37_feces_se
 7,,,,,,,,,ON571596_human_CHN_2019_NA_2019-Fuzhou-306_feces_s,OP432300_human_CHN_2022_NA_HAstV-4-QD-S-22022_NA_s
 7,,,,,,,,,ON571594_human_CHN_2019_NA_2019-Fuzhou-26_feces_se,OP432299_human_CHN_2021_NA_HAstV-4-RC-21045_NA_ser
 7,,,,,,,,,LC694997_human_JPN_2018_NA_HAstV1-181289-Tokyo-201,OP432298_human_CHN_2022_NA_HAstV-4-QD-S-22015_NA_s
 7,,,,,,,,,LC694996_human_JPN_2018_NA_HAstV1-181290-Tokyo-201,OP432295_human_CHN_2022_NA_HAstV-4-QD-F-22056_NA_s
 7,,,,,,,,,LC694995_human_JPN_2020_NA_HAstV1-192642-Tokyo-202,OP432293_human_CHN_2021_NA_HAstV-4-RC-21027_NA_ser
 7,,,,,,,,,LC694994_human_JPN_2020_NA_HAstV1-193055-Tokyo-202,MT906855_human_BRA_2014_Hu-BRA-TO-26-2014_BRA-TO-2
 7,,,,,,,,,LC694993_human_JPN_2020_NA_HAstV1-193061-Tokyo-202,MT906854_human_BRA_2015_Hu-BRA-TO-71-2015_BRA-TO-7
 7,,,,,,,,,LC694990_human_JPN_2018_NA_HAstV1-181937-Tokyo-201,MT906853_human_BRA_2014_Hu-BRA-TO-207-2014_BRA-TO-
 7,,,,,,,,,LC694989_human_JPN_2021_NA_HAstV1-210956-Tokyo-202,KF039913_NA_RUS_2010_NA_Rus-Nsc10-N358_NA_serotype
 7,,,,,,,,,LC694988_human_JPN_2021_NA_HAstV1-210963-Tokyo-202,KF039912_NA_RUS_2005_NA_Rus-Nsc05-623_NA_serotype_
 7,,,,,,,,,LC694987_human_JPN_2021_NA_HAstV1-210984-Tokyo-202,MK059952_human_USA_NA_Oxford_NA_cell-culture_serot
 7,,,,,,,,,LC694986_human_JPN_2022_NA_HAstV1-211185-Tokyo-202,DQ344027_NA_CHN_NA_NA_Guangzhou_NA_serotype_4
 7,,,,,,,,,MT832897_human_BRA_2015_MAstV-1-Hu-BRA-TO-161-2015,DQ070852_NA_BRA_NA_NA_Goiania-GO-12-95-Brazil_NA_s
 7,,,,,,,,,MT832896_human_BRA_2015_MAstV-1-Hu-BRA-TO-208-2015,AY720891_NA_NA_NA_Dresden_NA_NA_serotype_4
 7,,,,,,,,,MT832895_human_BRA_2015_MAstV-1-Hu-BRA-TO-171-2015,
 7,,,,,,,,,MT832894_human_BRA_2011_MAstV-1-Hu-BRA-TO-162-2011,
 7,,,,,,,,,MT832893_human_BRA_2015_MAstV-1-Hu-BRA-TO-160-2015,
 7,,,,,,,,,MT832892_human_BRA_2015_MAstV-1-Hu-BRA-TO-98-2015_,
 7,,,,,,,,,MW485040_human_KEN_2019_KLF-HAstV1-008-2019_NA_NA_,
 7,,,,,,,,,MN433704_human_USA_2013_Hu-US-2013-CA-RGDS-1071_NA,
 7,,,,,,,,,MN433703_human_USA_2013_Hu-US-2013-CA-RGDS-1070_NA,
 7,,,,,,,,,HQ398856_human_HUN_2010_Hu-Nyergesujfalu-HUN4520-2,
 7,,,,,,,,,FJ755405_human_CHN_2007_Beijing-293-2007-CHN_NA_st,
 7,,,,,,,,,FJ755403_human_CHN_2006_Beijing-176-2006-CHN_NA_st,
 7,,,,,,,,,FJ755402_human_CHN_2005_Beijing-128-2005-CHN_NA_st,
 7,,,,,,,,,KF211475_human_CHN_2010_NA_JZ_NA_serotype_1,
 7,,,,,,,,,KC342249_human_CHN_2012_NA_km1_stool-sample_seroty,
 7,,,,,,,,,MK059949_human_USA_NA_Oxford_NA_cell-culture_serot,
 7,,,,,,,,,L23513_NA_NA_NA_NA_Oxford_NA_serotype_1,
 7,,,,,,,,,Z25771_NA_NA_NA_NA_NA_NA_serotype_1,

 8 ,9, 54, 1632, 42, 1548, 42, 1548,^MN433705_human_USA_2014_Hu-US-2014-CA-RGDS-1072_NA,NC_030922_NA_IND_2004_NA_V1347_NA_serotype_1,Unknown (LC694986_human_JPN_2022_NA_HAstV1-211185-Tokyo-202), 2.2231933953132E-32,NS, 1.52182788842611E-33, 9.37323070426527E-19, 6.27510672730538E-17, 7.92644007712317E-14,NS,NS, 1.6242562850266E-11,
 8,,,,,,,,OR371570_human_CHN_2022_HAstV-4-Fuzhou-2022-10_NA_,LC694997_human_JPN_2018_NA_HAstV1-181289-Tokyo-201,Unknown(ON571597_human_CHN_2019_NA_2019-Pingtan-42_feces_s)
 8,,,,,,,,ON571598_human_CHN_2021_NA_2021-Fuzhou-37_feces_se,LC694996_human_JPN_2018_NA_HAstV1-181290-Tokyo-201,Unknown(ON571596_human_CHN_2019_NA_2019-Fuzhou-306_feces_s)
 8,,,,,,,,OP432301_human_CHN_2022_NA_HAstV-4-QD-L-22019_NA_s,MW485040_human_KEN_2019_KLF-HAstV1-008-2019_NA_NA_,Unknown(LC694995_human_JPN_2020_NA_HAstV1-192642-Tokyo-202)
 8,,,,,,,,OP432300_human_CHN_2022_NA_HAstV-4-QD-S-22022_NA_s,,Unknown(LC694994_human_JPN_2020_NA_HAstV1-193055-Tokyo-202)
 8,,,,,,,,OP432299_human_CHN_2021_NA_HAstV-4-RC-21045_NA_ser,,Unknown(LC694993_human_JPN_2020_NA_HAstV1-193061-Tokyo-202)
 8,,,,,,,,OP432298_human_CHN_2022_NA_HAstV-4-QD-S-22015_NA_s,,Unknown(LC694992_human_JPN_2021_NA_HAstV1-210628-Tokyo-202)
 8,,,,,,,,OP432297_human_CHN_2022_NA_HAstV-4-QD-L-22001_NA_s,,Unknown(LC694991_human_JPN_2021_NA_HAstV1-210764-Tokyo-202)
 8,,,,,,,,OP432295_human_CHN_2022_NA_HAstV-4-QD-F-22056_NA_s,,Unknown(LC694990_human_JPN_2018_NA_HAstV1-181937-Tokyo-201)
 8,,,,,,,,OP432294_human_CHN_2022_NA_HAstV-4-QD-L-22040_NA_s,,Unknown(LC694989_human_JPN_2021_NA_HAstV1-210956-Tokyo-202)
 8,,,,,,,,OP432293_human_CHN_2021_NA_HAstV-4-RC-21027_NA_ser,,Unknown(LC694988_human_JPN_2021_NA_HAstV1-210963-Tokyo-202)
 8,,,,,,,,MT906855_human_BRA_2014_Hu-BRA-TO-26-2014_BRA-TO-2,,Unknown(LC694987_human_JPN_2021_NA_HAstV1-210984-Tokyo-202)
 8,,,,,,,,MT906854_human_BRA_2015_Hu-BRA-TO-71-2015_BRA-TO-7,,Unknown(MT832897_human_BRA_2015_MAstV-1-Hu-BRA-TO-161-2015)
 8,,,,,,,,MT906853_human_BRA_2014_Hu-BRA-TO-207-2014_BRA-TO-,,Unknown(MT832896_human_BRA_2015_MAstV-1-Hu-BRA-TO-208-2015)
 8,,,,,,,,FJ755405_human_CHN_2007_Beijing-293-2007-CHN_NA_st[P],,Unknown(MT832895_human_BRA_2015_MAstV-1-Hu-BRA-TO-171-2015)
 8,,,,,,,,FJ755404_human_CHN_2007_Beijing-291-2007-CHN_NA_st[P],,Unknown(MT832894_human_BRA_2011_MAstV-1-Hu-BRA-TO-162-2011)
 8,,,,,,,,FJ755402_human_CHN_2005_Beijing-128-2005-CHN_NA_st,,Unknown(MT832893_human_BRA_2015_MAstV-1-Hu-BRA-TO-160-2015)
 8,,,,,,,,KF039913_NA_RUS_2010_NA_Rus-Nsc10-N358_NA_serotype,,Unknown(MT832892_human_BRA_2015_MAstV-1-Hu-BRA-TO-98-2015_)
 8,,,,,,,,KF039912_NA_RUS_2005_NA_Rus-Nsc05-623_NA_serotype_,,Unknown(MN433704_human_USA_2013_Hu-US-2013-CA-RGDS-1071_NA)
 8,,,,,,,,MK059952_human_USA_NA_Oxford_NA_cell-culture_serot,,Unknown(MN433703_human_USA_2013_Hu-US-2013-CA-RGDS-1070_NA)
 8,,,,,,,,DQ344027_NA_CHN_NA_NA_Guangzhou_NA_serotype_4,,Unknown(HQ398856_human_HUN_2010_Hu-Nyergesujfalu-HUN4520-2)
 8,,,,,,,,,,Unknown(MK059949_human_USA_NA_Oxford_NA_cell-culture_serot)
 8,,,,,,,,,,Unknown(L23513_NA_NA_NA_NA_Oxford_NA_serotype_1)
 8,,,,,,,,,,Unknown(Z25771_NA_NA_NA_NA_NA_NA_serotype_1)

 9 ,10, 4195, 1654, 3854, 1548, 3854, 1548,^AY720891_NA_NA_NA_Dresden_NA_NA_serotype_4,JN887820_human_KOR_2006_lhar-2011-kor_NA_stool_ser,Unknown (GU732187_human_RUS_2008_NA_Rus-Nsc08-3364_NA_serot), 1.16917084285738E-26, 3.92745249425294E-17, 2.17857551622252E-36, 2.22410742265026E-16, 4.84081996102044E-10, 2.2019932889364E-26,NS,NS, 8.12128142513302E-12,
 9,,,,,,,,KP862744_human_KOR_2014_NA_kor85_human-stool_serot[P],ON571597_human_CHN_2019_NA_2019-Pingtan-42_feces_s,Unknown(MT267483_human_ZAF_2015_SA6118_NA_Fecal-Specimen_s)
 9,,,,,,,,MK059956_human_USA_NA_Oxford_NA_cell-culture_serot[P],ON571596_human_CHN_2019_NA_2019-Fuzhou-306_feces_s,Unknown(JF491430_human_RUS_2004_NA_Rus-Nsc04-H355_NA_serot)
 9,,,,,,,,DQ070852_NA_BRA_NA_NA_Goiania-GO-12-95-Brazil_NA_s,LC694995_human_JPN_2020_NA_HAstV1-192642-Tokyo-202,Unknown(GU223905_human_RUS_2003_NA_Rus-Nsc03-H191_NA_serot)
 9,,,,,,,,AF260508_NA_NA_NA_Yuc-8_NA_NA_serotype_8[P],LC694994_human_JPN_2020_NA_HAstV1-193055-Tokyo-202,Unknown(MK059951_human_USA_NA_Oxford_NA_cell-culture_serot)
 9,,,,,,,,,LC694993_human_JPN_2020_NA_HAstV1-193061-Tokyo-202,
 9,,,,,,,,,LC694992_human_JPN_2021_NA_HAstV1-210628-Tokyo-202,
 9,,,,,,,,,LC694991_human_JPN_2021_NA_HAstV1-210764-Tokyo-202,
 9,,,,,,,,,LC694990_human_JPN_2018_NA_HAstV1-181937-Tokyo-201,
 9,,,,,,,,,LC694989_human_JPN_2021_NA_HAstV1-210956-Tokyo-202,
 9,,,,,,,,,LC694988_human_JPN_2021_NA_HAstV1-210963-Tokyo-202,
 9,,,,,,,,,LC694987_human_JPN_2021_NA_HAstV1-210984-Tokyo-202,
 9,,,,,,,,,LC694986_human_JPN_2022_NA_HAstV1-211185-Tokyo-202,
 9,,,,,,,,,MT832897_human_BRA_2015_MAstV-1-Hu-BRA-TO-161-2015,
 9,,,,,,,,,MT832896_human_BRA_2015_MAstV-1-Hu-BRA-TO-208-2015,
 9,,,,,,,,,MT832895_human_BRA_2015_MAstV-1-Hu-BRA-TO-171-2015,
 9,,,,,,,,,MT832894_human_BRA_2011_MAstV-1-Hu-BRA-TO-162-2011,
 9,,,,,,,,,MT832893_human_BRA_2015_MAstV-1-Hu-BRA-TO-160-2015,
 9,,,,,,,,,MT832892_human_BRA_2015_MAstV-1-Hu-BRA-TO-98-2015_,
 9,,,,,,,,,MN433704_human_USA_2013_Hu-US-2013-CA-RGDS-1071_NA,
 9,,,,,,,,,MN433703_human_USA_2013_Hu-US-2013-CA-RGDS-1070_NA,
 9,,,,,,,,,HQ398856_human_HUN_2010_Hu-Nyergesujfalu-HUN4520-2,
 9,,,,,,,,,FJ755403_human_CHN_2006_Beijing-176-2006-CHN_NA_st,
 9,,,,,,,,,KF211475_human_CHN_2010_NA_JZ_NA_serotype_1,
 9,,,,,,,,,MK059949_human_USA_NA_Oxford_NA_cell-culture_serot,
 9,,,,,,,,,AY720892_NA_NA_NA_Dresden_NA_NA_serotype_1,
 9,,,,,,,,,L23513_NA_NA_NA_NA_Oxford_NA_serotype_1,
 9,,,,,,,,,Z25771_NA_NA_NA_NA_NA_NA_serotype_1,

 10 ,11~, 3820, 4193*, 3716, 4074*, 3545, 3852*,AF260508_NA_NA_NA_Yuc-8_NA_NA_serotype_8,JQ403108_human_CHN_2010_NA_DL030_stool_serotype_5,DQ070852_NA_BRA_NA_NA_Goiania-GO-12-95-Brazil_NA_s, 4.00760101270093E-26, 3.10922213050201E-22, 2.11894686906057E-18, 3.07367427777631E-13, 5.74847041987572E-18, 1.87961134113718E-21,NS,NS, 8.12128142513302E-12,
 10,,,,,,,,KP862744_human_KOR_2014_NA_kor85_human-stool_serot,OR222910_human_CHN_2021_NA_SY2106_stool_serotype_5,OR371570_human_CHN_2022_HAstV-4-Fuzhou-2022-10_NA_
 10,,,,,,,,MK059956_human_USA_NA_Oxford_NA_cell-culture_serot,ON571595_human_CHN_2019_NA_2019-Fuzhou-289_feces_s,ON571598_human_CHN_2021_NA_2021-Fuzhou-37_feces_se
 10,,,,,,,,,MT906859_human_BRA_2014_Hu-BRA-TO-32-2014_BRA-TO-3,OP432301_human_CHN_2022_NA_HAstV-4-QD-L-22019_NA_s
 10,,,,,,,,,MT906858_human_BRA_2014_Hu-BRA-TO-57-2014_BRA-TO-5,OP432300_human_CHN_2022_NA_HAstV-4-QD-S-22022_NA_s
 10,,,,,,,,,MT906857_human_BRA_2014_Hu-BRA-TO-40-2014_BRA-TO-4,OP432299_human_CHN_2021_NA_HAstV-4-RC-21045_NA_ser
 10,,,,,,,,,MT906856_human_BRA_2015_Hu-BRA-TO-65-2015_BRA-TO-6,OP432298_human_CHN_2022_NA_HAstV-4-QD-S-22015_NA_s
 10,,,,,,,,,MT267476_human_ZAF_2015_SA10098_NA_Fecal-Specimen_,OP432297_human_CHN_2022_NA_HAstV-4-QD-L-22001_NA_s
 10,,,,,,,,,MN433706_human_USA_2014_Hu-US-2014-CA-RGDS-1073_NA,OP432295_human_CHN_2022_NA_HAstV-4-QD-F-22056_NA_s
 10,,,,,,,,,MF684776_human_CHN_2013_NA_2013-Fuzhou-85_stool_se,OP432294_human_CHN_2022_NA_HAstV-4-QD-L-22040_NA_s
 10,,,,,,,,,MK059953_human_USA_NA_Oxford_NA_cell-culture_serot,OP432293_human_CHN_2021_NA_HAstV-4-RC-21027_NA_ser
 10,,,,,,,,,DQ028633_NA_BRA_NA_NA_Goiania-GO-12-94-Brazil_stoo,MT906855_human_BRA_2014_Hu-BRA-TO-26-2014_BRA-TO-2
 10,,,,,,,,,,MT906854_human_BRA_2015_Hu-BRA-TO-71-2015_BRA-TO-7
 10,,,,,,,,,,MT906853_human_BRA_2014_Hu-BRA-TO-207-2014_BRA-TO-
 10,,,,,,,,,,KF039913_NA_RUS_2010_NA_Rus-Nsc10-N358_NA_serotype
 10,,,,,,,,,,KF039912_NA_RUS_2005_NA_Rus-Nsc05-623_NA_serotype_
 10,,,,,,,,,,MK059952_human_USA_NA_Oxford_NA_cell-culture_serot
 10,,,,,,,,,,DQ344027_NA_CHN_NA_NA_Guangzhou_NA_serotype_4
 10,,,,,,,,,,AY720891_NA_NA_NA_Dresden_NA_NA_serotype_4

 11 ,12, 2979, 3055, 2749, 2825, 2749, 2825,OP432296_human_CHN_2021_NA_HAstV-4-RC-21047_NA_ser,LC694988_human_JPN_2021_NA_HAstV1-210963-Tokyo-202,ON571598_human_CHN_2021_NA_2021-Fuzhou-37_feces_se, 2.16133897812809E-19, 2.72210562797949E-18,NS,NS,NS,NS,NS,NS, 1.59388256593118E-07,
 11,,,,,,,,,ON571597_human_CHN_2019_NA_2019-Pingtan-42_feces_s,OR371570_human_CHN_2022_HAstV-4-Fuzhou-2022-10_NA_
 11,,,,,,,,,ON571596_human_CHN_2019_NA_2019-Fuzhou-306_feces_s,OP432299_human_CHN_2021_NA_HAstV-4-RC-21045_NA_ser
 11,,,,,,,,,LC694995_human_JPN_2020_NA_HAstV1-192642-Tokyo-202,OP432298_human_CHN_2022_NA_HAstV-4-QD-S-22015_NA_s
 11,,,,,,,,,LC694994_human_JPN_2020_NA_HAstV1-193055-Tokyo-202,OP432297_human_CHN_2022_NA_HAstV-4-QD-L-22001_NA_s
 11,,,,,,,,,LC694993_human_JPN_2020_NA_HAstV1-193061-Tokyo-202,OP432295_human_CHN_2022_NA_HAstV-4-QD-F-22056_NA_s
 11,,,,,,,,,LC694992_human_JPN_2021_NA_HAstV1-210628-Tokyo-202,OP432293_human_CHN_2021_NA_HAstV-4-RC-21027_NA_ser
 11,,,,,,,,,LC694991_human_JPN_2021_NA_HAstV1-210764-Tokyo-202,MT906855_human_BRA_2014_Hu-BRA-TO-26-2014_BRA-TO-2
 11,,,,,,,,,LC694990_human_JPN_2018_NA_HAstV1-181937-Tokyo-201,MT906854_human_BRA_2015_Hu-BRA-TO-71-2015_BRA-TO-7
 11,,,,,,,,,LC694989_human_JPN_2021_NA_HAstV1-210956-Tokyo-202,MT906853_human_BRA_2014_Hu-BRA-TO-207-2014_BRA-TO-
 11,,,,,,,,,LC694987_human_JPN_2021_NA_HAstV1-210984-Tokyo-202,KF039913_NA_RUS_2010_NA_Rus-Nsc10-N358_NA_serotype
 11,,,,,,,,,LC694986_human_JPN_2022_NA_HAstV1-211185-Tokyo-202,KF039912_NA_RUS_2005_NA_Rus-Nsc05-623_NA_serotype_
 11,,,,,,,,,MT832897_human_BRA_2015_MAstV-1-Hu-BRA-TO-161-2015,MK059952_human_USA_NA_Oxford_NA_cell-culture_serot
 11,,,,,,,,,MT832896_human_BRA_2015_MAstV-1-Hu-BRA-TO-208-2015,DQ344027_NA_CHN_NA_NA_Guangzhou_NA_serotype_4
 11,,,,,,,,,MT832895_human_BRA_2015_MAstV-1-Hu-BRA-TO-171-2015,DQ070852_NA_BRA_NA_NA_Goiania-GO-12-95-Brazil_NA_s
 11,,,,,,,,,MT832894_human_BRA_2011_MAstV-1-Hu-BRA-TO-162-2011,AY720891_NA_NA_NA_Dresden_NA_NA_serotype_4
 11,,,,,,,,,MT832893_human_BRA_2015_MAstV-1-Hu-BRA-TO-160-2015,
 11,,,,,,,,,MT832892_human_BRA_2015_MAstV-1-Hu-BRA-TO-98-2015_,
 11,,,,,,,,,MN433704_human_USA_2013_Hu-US-2013-CA-RGDS-1071_NA,
 11,,,,,,,,,MN433703_human_USA_2013_Hu-US-2013-CA-RGDS-1070_NA,
 11,,,,,,,,,HQ398856_human_HUN_2010_Hu-Nyergesujfalu-HUN4520-2,
 11,,,,,,,,,FJ755404_human_CHN_2007_Beijing-291-2007-CHN_NA_st,
 11,,,,,,,,,FJ755403_human_CHN_2006_Beijing-176-2006-CHN_NA_st,
 11,,,,,,,,,KF211475_human_CHN_2010_NA_JZ_NA_serotype_1,
 11,,,,,,,,,JN887820_human_KOR_2006_lhar-2011-kor_NA_stool_ser,
 11,,,,,,,,,MK059949_human_USA_NA_Oxford_NA_cell-culture_serot,
 11,,,,,,,,,AY720892_NA_NA_NA_Dresden_NA_NA_serotype_1,
 11,,,,,,,,,L23513_NA_NA_NA_NA_Oxford_NA_serotype_1,
 11,,,,,,,,,Z25771_NA_NA_NA_NA_NA_NA_serotype_1,

 12 ,13, 4192, 1816, 3929, 1616, 3851, 1616,^MK059950_human_USA_NA_Oxford_NA_cell-culture_serot,GU732187_human_RUS_2008_NA_Rus-Nsc08-3364_NA_serot,Unknown (AY720892_NA_NA_NA_Dresden_NA_NA_serotype_1), 5.06683569934419E-19, 4.44099090340586E-06, 8.05806105692871E-27, 1.52659900032698E-13, 2.14533276279566E-08, 6.16203028415594E-18,NS,NS, 7.68841682541321E-08,
 12,,,,,,,,,MT267483_human_ZAF_2015_SA6118_NA_Fecal-Specimen_s,Unknown(ON571597_human_CHN_2019_NA_2019-Pingtan-42_feces_s)
 12,,,,,,,,,JF491430_human_RUS_2004_NA_Rus-Nsc04-H355_NA_serot,Unknown(ON571596_human_CHN_2019_NA_2019-Fuzhou-306_feces_s)
 12,,,,,,,,,GU223905_human_RUS_2003_NA_Rus-Nsc03-H191_NA_serot,Unknown(LC694997_human_JPN_2018_NA_HAstV1-181289-Tokyo-201)
 12,,,,,,,,,MK059951_human_USA_NA_Oxford_NA_cell-culture_serot,Unknown(LC694996_human_JPN_2018_NA_HAstV1-181290-Tokyo-201)
 12,,,,,,,,,,Unknown(LC694995_human_JPN_2020_NA_HAstV1-192642-Tokyo-202)
 12,,,,,,,,,,Unknown(LC694994_human_JPN_2020_NA_HAstV1-193055-Tokyo-202)
 12,,,,,,,,,,Unknown(LC694993_human_JPN_2020_NA_HAstV1-193061-Tokyo-202)
 12,,,,,,,,,,Unknown(LC694992_human_JPN_2021_NA_HAstV1-210628-Tokyo-202)
 12,,,,,,,,,,Unknown(LC694991_human_JPN_2021_NA_HAstV1-210764-Tokyo-202)
 12,,,,,,,,,,Unknown(LC694990_human_JPN_2018_NA_HAstV1-181937-Tokyo-201)
 12,,,,,,,,,,Unknown(LC694989_human_JPN_2021_NA_HAstV1-210956-Tokyo-202)
 12,,,,,,,,,,Unknown(LC694988_human_JPN_2021_NA_HAstV1-210963-Tokyo-202)
 12,,,,,,,,,,Unknown(LC694987_human_JPN_2021_NA_HAstV1-210984-Tokyo-202)
 12,,,,,,,,,,Unknown(LC694986_human_JPN_2022_NA_HAstV1-211185-Tokyo-202)
 12,,,,,,,,,,Unknown(MT832897_human_BRA_2015_MAstV-1-Hu-BRA-TO-161-2015)
 12,,,,,,,,,,Unknown(MT832896_human_BRA_2015_MAstV-1-Hu-BRA-TO-208-2015)
 12,,,,,,,,,,Unknown(MT832895_human_BRA_2015_MAstV-1-Hu-BRA-TO-171-2015)
 12,,,,,,,,,,Unknown(MT832894_human_BRA_2011_MAstV-1-Hu-BRA-TO-162-2011)
 12,,,,,,,,,,Unknown(MT832893_human_BRA_2015_MAstV-1-Hu-BRA-TO-160-2015)
 12,,,,,,,,,,Unknown(MT832892_human_BRA_2015_MAstV-1-Hu-BRA-TO-98-2015_)
 12,,,,,,,,,,Unknown(MW485040_human_KEN_2019_KLF-HAstV1-008-2019_NA_NA_)
 12,,,,,,,,,,Unknown(MN433704_human_USA_2013_Hu-US-2013-CA-RGDS-1071_NA)
 12,,,,,,,,,,Unknown(MN433703_human_USA_2013_Hu-US-2013-CA-RGDS-1070_NA)
 12,,,,,,,,,,Unknown(HQ398856_human_HUN_2010_Hu-Nyergesujfalu-HUN4520-2)
 12,,,,,,,,,,Unknown(FJ755403_human_CHN_2006_Beijing-176-2006-CHN_NA_st)
 12,,,,,,,,,,Unknown(KF211475_human_CHN_2010_NA_JZ_NA_serotype_1)
 12,,,,,,,,,,Unknown(JN887820_human_KOR_2006_lhar-2011-kor_NA_stool_ser)
 12,,,,,,,,,,Unknown(NC_030922_NA_IND_2004_NA_V1347_NA_serotype_1)
 12,,,,,,,,,,Unknown(MK059949_human_USA_NA_Oxford_NA_cell-culture_serot)
 12,,,,,,,,,,Unknown(L23513_NA_NA_NA_NA_Oxford_NA_serotype_1)
 12,,,,,,,,,,Unknown(Z25771_NA_NA_NA_NA_NA_NA_serotype_1)

 13 ,14, 4166*, 2296, 3873*, 2096, 3828*, 2096,FJ755404_human_CHN_2007_Beijing-291-2007-CHN_NA_st,FJ755405_human_CHN_2007_Beijing-293-2007-CHN_NA_st,KF211475_human_CHN_2010_NA_JZ_NA_serotype_1, 1.05270915797991E-15, 6.65228136434196E-11, 5.57726205359025E-13, 4.91578886545375E-10, 1.42624333511812E-09, 3.37576277275205E-10,NS,NS, 2.24875906688638E-20,
 13,,,,,,,,,FJ755402_human_CHN_2005_Beijing-128-2005-CHN_NA_st,FJ755403_human_CHN_2006_Beijing-176-2006-CHN_NA_st
 13,,,,,,,,,,JN887820_human_KOR_2006_lhar-2011-kor_NA_stool_ser
 13,,,,,,,,,,AY720892_NA_NA_NA_Dresden_NA_NA_serotype_1

 14 ,15~, 4080, 124, 3723, 121, 3757, 112,OQ630461_human_GIN_2021_NA_SEN-21-286-S1_Stool-Sam,Unknown (MK059953_human_USA_NA_Oxford_NA_cell-culture_serot),NC_030922_NA_IND_2004_NA_V1347_NA_serotype_1, 5.7612110619006E-14, 3.33163118892022E-08,NS, 4.93911383146805E-07, 2.78987605090249E-05,NS,NS,NS, 1.6242562850266E-11,
 14,,,,,,,,ON571597_human_CHN_2019_NA_2019-Pingtan-42_feces_s,Unknown(OR222910_human_CHN_2021_NA_SY2106_stool_serotype_5),
 14,,,,,,,,ON571596_human_CHN_2019_NA_2019-Fuzhou-306_feces_s,Unknown(ON571597_human_CHN_2019_NA_2019-Pingtan-42_feces_s),
 14,,,,,,,,ON571594_human_CHN_2019_NA_2019-Fuzhou-26_feces_se[T],Unknown(ON571595_human_CHN_2019_NA_2019-Fuzhou-289_feces_s),
 14,,,,,,,,LC694997_human_JPN_2018_NA_HAstV1-181289-Tokyo-201,Unknown(LC694995_human_JPN_2020_NA_HAstV1-192642-Tokyo-202),
 14,,,,,,,,LC694996_human_JPN_2018_NA_HAstV1-181290-Tokyo-201,Unknown(LC694994_human_JPN_2020_NA_HAstV1-193055-Tokyo-202),
 14,,,,,,,,LC694995_human_JPN_2020_NA_HAstV1-192642-Tokyo-202,Unknown(LC694992_human_JPN_2021_NA_HAstV1-210628-Tokyo-202),
 14,,,,,,,,LC694994_human_JPN_2020_NA_HAstV1-193055-Tokyo-202,Unknown(LC694990_human_JPN_2018_NA_HAstV1-181937-Tokyo-201),
 14,,,,,,,,LC694993_human_JPN_2020_NA_HAstV1-193061-Tokyo-202,Unknown(LC694989_human_JPN_2021_NA_HAstV1-210956-Tokyo-202),
 14,,,,,,,,LC694992_human_JPN_2021_NA_HAstV1-210628-Tokyo-202,Unknown(LC694988_human_JPN_2021_NA_HAstV1-210963-Tokyo-202),
 14,,,,,,,,LC694991_human_JPN_2021_NA_HAstV1-210764-Tokyo-202,Unknown(MT906859_human_BRA_2014_Hu-BRA-TO-32-2014_BRA-TO-3),
 14,,,,,,,,LC694990_human_JPN_2018_NA_HAstV1-181937-Tokyo-201,Unknown(MT906858_human_BRA_2014_Hu-BRA-TO-57-2014_BRA-TO-5),
 14,,,,,,,,LC694989_human_JPN_2021_NA_HAstV1-210956-Tokyo-202,Unknown(MT906857_human_BRA_2014_Hu-BRA-TO-40-2014_BRA-TO-4),
 14,,,,,,,,LC694988_human_JPN_2021_NA_HAstV1-210963-Tokyo-202,Unknown(MT906856_human_BRA_2015_Hu-BRA-TO-65-2015_BRA-TO-6),
 14,,,,,,,,LC694987_human_JPN_2021_NA_HAstV1-210984-Tokyo-202,Unknown(MT267483_human_ZAF_2015_SA6118_NA_Fecal-Specimen_s),
 14,,,,,,,,LC694986_human_JPN_2022_NA_HAstV1-211185-Tokyo-202,Unknown(MT267476_human_ZAF_2015_SA10098_NA_Fecal-Specimen_),
 14,,,,,,,,MT832897_human_BRA_2015_MAstV-1-Hu-BRA-TO-161-2015,Unknown(MN433706_human_USA_2014_Hu-US-2014-CA-RGDS-1073_NA),
 14,,,,,,,,MT832896_human_BRA_2015_MAstV-1-Hu-BRA-TO-208-2015,Unknown(MF684776_human_CHN_2013_NA_2013-Fuzhou-85_stool_se),
 14,,,,,,,,MT832895_human_BRA_2015_MAstV-1-Hu-BRA-TO-171-2015,Unknown(GQ495608_human_CHN_2007_NA_192-BJ07-CHN_stool_sero),
 14,,,,,,,,MT832894_human_BRA_2011_MAstV-1-Hu-BRA-TO-162-2011,Unknown(JQ403108_human_CHN_2010_NA_DL030_stool_serotype_5),
 14,,,,,,,,MT832893_human_BRA_2015_MAstV-1-Hu-BRA-TO-160-2015,Unknown(DQ028633_NA_BRA_NA_NA_Goiania-GO-12-94-Brazil_stoo),
 14,,,,,,,,MT832892_human_BRA_2015_MAstV-1-Hu-BRA-TO-98-2015_,,
 14,,,,,,,,MW485040_human_KEN_2019_KLF-HAstV1-008-2019_NA_NA_,,
 14,,,,,,,,MN433704_human_USA_2013_Hu-US-2013-CA-RGDS-1071_NA,,
 14,,,,,,,,MN433703_human_USA_2013_Hu-US-2013-CA-RGDS-1070_NA,,
 14,,,,,,,,HQ398856_human_HUN_2010_Hu-Nyergesujfalu-HUN4520-2,,
 14,,,,,,,,FJ755405_human_CHN_2007_Beijing-293-2007-CHN_NA_st,,
 14,,,,,,,,FJ755403_human_CHN_2006_Beijing-176-2006-CHN_NA_st,,
 14,,,,,,,,FJ755402_human_CHN_2005_Beijing-128-2005-CHN_NA_st,,
 14,,,,,,,,KC342249_human_CHN_2012_NA_km1_stool-sample_seroty[T],,
 14,,,,,,,,JN887820_human_KOR_2006_lhar-2011-kor_NA_stool_ser,,
 14,,,,,,,,MK059949_human_USA_NA_Oxford_NA_cell-culture_serot,,
 14,,,,,,,,AY720892_NA_NA_NA_Dresden_NA_NA_serotype_1,,
 14,,,,,,,,L23513_NA_NA_NA_NA_Oxford_NA_serotype_1,,
 14,,,,,,,,Z25771_NA_NA_NA_NA_NA_NA_serotype_1,,

 15 ,16~, 138*, 1102, 126*, 1090, 126*, 1090,MK059953_human_USA_NA_Oxford_NA_cell-culture_serot,Z25771_NA_NA_NA_NA_NA_NA_serotype_1,GU732187_human_RUS_2008_NA_Rus-Nsc08-3364_NA_serot, 2.64160875619228E-09, 3.83221576829698E-10, 5.7373157513861E-07, 1.6897074260429E-06, 6.49149785514495E-05, 1.04441771589084E-09,NS,NS, 4.32137564758905E-04,
 15,,,,,,,,OR222910_human_CHN_2021_NA_SY2106_stool_serotype_5,ON571597_human_CHN_2019_NA_2019-Pingtan-42_feces_s,JF491430_human_RUS_2004_NA_Rus-Nsc04-H355_NA_serot
 15,,,,,,,,ON571595_human_CHN_2019_NA_2019-Fuzhou-289_feces_s[P],LC694995_human_JPN_2020_NA_HAstV1-192642-Tokyo-202,GU223905_human_RUS_2003_NA_Rus-Nsc03-H191_NA_serot
 15,,,,,,,,MT906859_human_BRA_2014_Hu-BRA-TO-32-2014_BRA-TO-3,LC694994_human_JPN_2020_NA_HAstV1-193055-Tokyo-202,MK059951_human_USA_NA_Oxford_NA_cell-culture_serot
 15,,,,,,,,MT906858_human_BRA_2014_Hu-BRA-TO-57-2014_BRA-TO-5,LC694992_human_JPN_2021_NA_HAstV1-210628-Tokyo-202,
 15,,,,,,,,MT906857_human_BRA_2014_Hu-BRA-TO-40-2014_BRA-TO-4,LC694990_human_JPN_2018_NA_HAstV1-181937-Tokyo-201,
 15,,,,,,,,MT906856_human_BRA_2015_Hu-BRA-TO-65-2015_BRA-TO-6,LC694989_human_JPN_2021_NA_HAstV1-210956-Tokyo-202,
 15,,,,,,,,MT267476_human_ZAF_2015_SA10098_NA_Fecal-Specimen_,LC694988_human_JPN_2021_NA_HAstV1-210963-Tokyo-202,
 15,,,,,,,,MN433706_human_USA_2014_Hu-US-2014-CA-RGDS-1073_NA[P],LC694987_human_JPN_2021_NA_HAstV1-210984-Tokyo-202,
 15,,,,,,,,MF684776_human_CHN_2013_NA_2013-Fuzhou-85_stool_se,MT832896_human_BRA_2015_MAstV-1-Hu-BRA-TO-208-2015,
 15,,,,,,,,JQ403108_human_CHN_2010_NA_DL030_stool_serotype_5[P],MT832895_human_BRA_2015_MAstV-1-Hu-BRA-TO-171-2015,
 15,,,,,,,,DQ028633_NA_BRA_NA_NA_Goiania-GO-12-94-Brazil_stoo,MT832892_human_BRA_2015_MAstV-1-Hu-BRA-TO-98-2015_,
 15,,,,,,,,,MN433703_human_USA_2013_Hu-US-2013-CA-RGDS-1070_NA,
 15,,,,,,,,,HQ398856_human_HUN_2010_Hu-Nyergesujfalu-HUN4520-2,
 15,,,,,,,,,MK059949_human_USA_NA_Oxford_NA_cell-culture_serot,
 15,,,,,,,,,AY720892_NA_NA_NA_Dresden_NA_NA_serotype_1,
 15,,,,,,,,,L23513_NA_NA_NA_NA_Oxford_NA_serotype_1,

 16 ,17, 4194, 2586, 3913, 2359, 3853, 2356,^MK059955_human_USA_NA_Oxford_NA_cell-culture_serot,HM237363_NA_NA_NA_NA_Katano_NA_serotype_6,MK059951_human_USA_NA_Oxford_NA_cell-culture_serot, 5.03448213778027E-09,NS,NS, 1.62922993514522E-06, 1.0000868996948E-10, 9.83364168489428E-13,NS,NS, 6.50839472315923E-08,
 16,,,,,,,,,MK059954_human_USA_NA_Oxford_NA_cell-culture_serot,JF491430_human_RUS_2004_NA_Rus-Nsc04-H355_NA_serot
 16,,,,,,,,,,GU732187_human_RUS_2008_NA_Rus-Nsc08-3364_NA_serot
 16,,,,,,,,,,GU223905_human_RUS_2003_NA_Rus-Nsc03-H191_NA_serot

 17 ,18, 3858, 4190*, 3610, 3930*, 3580, 3849*,^KF039910_NA_RUS_2005_NA_Rus-Nsc05-430_NA_serotype_,MK059955_human_USA_NA_Oxford_NA_cell-culture_serot,Unknown (GQ495608_human_CHN_2007_NA_192-BJ07-CHN_stool_sero), 4.27827695876215E-08, .020098218727826, 3.8230741027517E-07, 3.5273982364942E-05, 3.82698066762476E-03, 3.67011573408894E-08,NS,NS, 1.13583208072732E-03,
 17,,,,,,,,MW485042_human_KEN_2019_KLF-HAstV2-005-2019_NA_NA_,,Unknown(GQ901902_human_RUS_2009_NA_Rus-Nsc09-B4_NA_serotyp)
 17,,,,,,,,MN433705_human_USA_2014_Hu-US-2014-CA-RGDS-1072_NA,,Unknown(MK059954_human_USA_NA_Oxford_NA_cell-culture_serot)
 17,,,,,,,,KC285152_human_RUS_2011_NA_HAstV-2-RUS-Novosibirsk,,Unknown(HM237363_NA_NA_NA_NA_Katano_NA_serotype_6)
 17,,,,,,,,KF039911_NA_RUS_2006_NA_Rus-Nsc06-1029_NA_serotype,,
 17,,,,,,,,MK059950_human_USA_NA_Oxford_NA_cell-culture_serot,,

 18 ,19, 3080, 3484, 3039, 3419, 2850, 3230,AF260508_NA_NA_NA_Yuc-8_NA_NA_serotype_8,LC732124_human_JPN_2016_Human-JPN-2016-JP14989_Chi,DQ344027_NA_CHN_NA_NA_Guangzhou_NA_serotype_4, 4.51802997726611E-08,NS, 7.13508269754622E-04, 3.61252123649632E-06, 2.21064826871351E-08,NS,NS,NS, 8.12128142513302E-12,
 18,,,,,,,,KP862744_human_KOR_2014_NA_kor85_human-stool_serot,LC732123_human_JPN_2016_Human-JPN-2016-JP14665_Chi,OR371570_human_CHN_2022_HAstV-4-Fuzhou-2022-10_NA_
 18,,,,,,,,MK059956_human_USA_NA_Oxford_NA_cell-culture_serot,LC732122_human_JPN_2016_Human-JPN-2016-JP14641_Chi,ON571598_human_CHN_2021_NA_2021-Fuzhou-37_feces_se
 18,,,,,,,,,LC694985_human_JPN_2019_NA_HAstV3-190610-Tokyo-201,OP432301_human_CHN_2022_NA_HAstV-4-QD-L-22019_NA_s
 18,,,,,,,,,MT267483_human_ZAF_2015_SA6118_NA_Fecal-Specimen_s,OP432300_human_CHN_2022_NA_HAstV-4-QD-S-22022_NA_s
 18,,,,,,,,,MN444721_human_USA_2017_Hu-US-2017-CA-RGDS-1074_NA,OP432299_human_CHN_2021_NA_HAstV-4-RC-21045_NA_ser
 18,,,,,,,,,MK296753_human_IRL_2018_Hu-HAstV3-2016-East-Irelan,OP432298_human_CHN_2022_NA_HAstV-4-QD-S-22015_NA_s
 18,,,,,,,,,MG571777_human_VEN_2015_NA_NA_stool_serotype_3,OP432297_human_CHN_2022_NA_HAstV-4-QD-L-22001_NA_s
 18,,,,,,,,,JF491430_human_RUS_2004_NA_Rus-Nsc04-H355_NA_serot,OP432295_human_CHN_2022_NA_HAstV-4-QD-F-22056_NA_s
 18,,,,,,,,,GU223905_human_RUS_2003_NA_Rus-Nsc03-H191_NA_serot,OP432294_human_CHN_2022_NA_HAstV-4-QD-L-22040_NA_s
 18,,,,,,,,,MK059951_human_USA_NA_Oxford_NA_cell-culture_serot,OP432293_human_CHN_2021_NA_HAstV-4-RC-21027_NA_ser
 18,,,,,,,,,,MT906855_human_BRA_2014_Hu-BRA-TO-26-2014_BRA-TO-2
 18,,,,,,,,,,MT906854_human_BRA_2015_Hu-BRA-TO-71-2015_BRA-TO-7
 18,,,,,,,,,,MT906853_human_BRA_2014_Hu-BRA-TO-207-2014_BRA-TO-
 18,,,,,,,,,,KF039913_NA_RUS_2010_NA_Rus-Nsc10-N358_NA_serotype
 18,,,,,,,,,,KF039912_NA_RUS_2005_NA_Rus-Nsc05-623_NA_serotype_
 18,,,,,,,,,,MK059952_human_USA_NA_Oxford_NA_cell-culture_serot
 18,,,,,,,,,,DQ070852_NA_BRA_NA_NA_Goiania-GO-12-95-Brazil_NA_s
 18,,,,,,,,,,AY720891_NA_NA_NA_Dresden_NA_NA_serotype_4

 19 ,20~, 1203, 1474, 1191, 1462, 1191, 1462,^HM237363_NA_NA_NA_NA_Katano_NA_serotype_6,MK059953_human_USA_NA_Oxford_NA_cell-culture_serot,Z25771_NA_NA_NA_NA_NA_NA_serotype_1, 5.56541238783797E-03, 1.14419203327493E-07,NS, 4.73679693304414E-04,NS, 7.68460674630514E-09,NS,NS,NS,
 19,,,,,,,,GQ901902_human_RUS_2009_NA_Rus-Nsc09-B4_NA_serotyp,OR222910_human_CHN_2021_NA_SY2106_stool_serotype_5,ON571597_human_CHN_2019_NA_2019-Pingtan-42_feces_s
 19,,,,,,,,GQ495608_human_CHN_2007_NA_192-BJ07-CHN_stool_sero,ON571595_human_CHN_2019_NA_2019-Fuzhou-289_feces_s,ON571596_human_CHN_2019_NA_2019-Fuzhou-306_feces_s
 19,,,,,,,,MK059954_human_USA_NA_Oxford_NA_cell-culture_serot,MT906859_human_BRA_2014_Hu-BRA-TO-32-2014_BRA-TO-3,LC694995_human_JPN_2020_NA_HAstV1-192642-Tokyo-202
 19,,,,,,,,,MT906858_human_BRA_2014_Hu-BRA-TO-57-2014_BRA-TO-5,LC694994_human_JPN_2020_NA_HAstV1-193055-Tokyo-202
 19,,,,,,,,,MT906857_human_BRA_2014_Hu-BRA-TO-40-2014_BRA-TO-4,LC694993_human_JPN_2020_NA_HAstV1-193061-Tokyo-202
 19,,,,,,,,,MT906856_human_BRA_2015_Hu-BRA-TO-65-2015_BRA-TO-6,LC694992_human_JPN_2021_NA_HAstV1-210628-Tokyo-202
 19,,,,,,,,,MT267476_human_ZAF_2015_SA10098_NA_Fecal-Specimen_,LC694991_human_JPN_2021_NA_HAstV1-210764-Tokyo-202
 19,,,,,,,,,MN433706_human_USA_2014_Hu-US-2014-CA-RGDS-1073_NA,LC694990_human_JPN_2018_NA_HAstV1-181937-Tokyo-201
 19,,,,,,,,,MF684776_human_CHN_2013_NA_2013-Fuzhou-85_stool_se,LC694989_human_JPN_2021_NA_HAstV1-210956-Tokyo-202
 19,,,,,,,,,DQ028633_NA_BRA_NA_NA_Goiania-GO-12-94-Brazil_stoo,LC694988_human_JPN_2021_NA_HAstV1-210963-Tokyo-202
 19,,,,,,,,,,LC694987_human_JPN_2021_NA_HAstV1-210984-Tokyo-202
 19,,,,,,,,,,LC694986_human_JPN_2022_NA_HAstV1-211185-Tokyo-202
 19,,,,,,,,,,MT832897_human_BRA_2015_MAstV-1-Hu-BRA-TO-161-2015
 19,,,,,,,,,,MT832896_human_BRA_2015_MAstV-1-Hu-BRA-TO-208-2015
 19,,,,,,,,,,MT832895_human_BRA_2015_MAstV-1-Hu-BRA-TO-171-2015
 19,,,,,,,,,,MT832894_human_BRA_2011_MAstV-1-Hu-BRA-TO-162-2011
 19,,,,,,,,,,MT832893_human_BRA_2015_MAstV-1-Hu-BRA-TO-160-2015
 19,,,,,,,,,,MT832892_human_BRA_2015_MAstV-1-Hu-BRA-TO-98-2015_
 19,,,,,,,,,,MN433704_human_USA_2013_Hu-US-2013-CA-RGDS-1071_NA
 19,,,,,,,,,,MN433703_human_USA_2013_Hu-US-2013-CA-RGDS-1070_NA
 19,,,,,,,,,,HQ398856_human_HUN_2010_Hu-Nyergesujfalu-HUN4520-2
 19,,,,,,,,,,FJ755403_human_CHN_2006_Beijing-176-2006-CHN_NA_st
 19,,,,,,,,,,KF211475_human_CHN_2010_NA_JZ_NA_serotype_1
 19,,,,,,,,,,JN887820_human_KOR_2006_lhar-2011-kor_NA_stool_ser
 19,,,,,,,,,,MK059949_human_USA_NA_Oxford_NA_cell-culture_serot
 19,,,,,,,,,,AY720892_NA_NA_NA_Dresden_NA_NA_serotype_1
 19,,,,,,,,,,L23513_NA_NA_NA_NA_Oxford_NA_serotype_1

 20 ,21, 2166, 2872, 1960, 2636, 1966, 2642,^KF211475_human_CHN_2010_NA_JZ_NA_serotype_1,Unknown (KC342249_human_CHN_2012_NA_km1_stool-sample_seroty),MK059949_human_USA_NA_Oxford_NA_cell-culture_serot,NS,NS,NS, 2.71235065315264E-07, 6.69870127079378E-06, 5.33449548527087E-06,NS,NS, 1.94175589718348E-06,
 20,,,,,,,,FJ755404_human_CHN_2007_Beijing-291-2007-CHN_NA_st[P],Unknown(ON571594_human_CHN_2019_NA_2019-Fuzhou-26_feces_se),L23513_NA_NA_NA_NA_Oxford_NA_serotype_1
 20,,,,,,,,FJ755403_human_CHN_2006_Beijing-176-2006-CHN_NA_st,,Z25771_NA_NA_NA_NA_NA_NA_serotype_1
 20,,,,,,,,JN887820_human_KOR_2006_lhar-2011-kor_NA_stool_ser,,
 20,,,,,,,,AY720892_NA_NA_NA_Dresden_NA_NA_serotype_1,,

 21 ,22, 3528, 3819*, 3274, 3526*, 3274, 3544*,^KP862744_human_KOR_2014_NA_kor85_human-stool_serot,MK059954_human_USA_NA_Oxford_NA_cell-culture_serot,MT906854_human_BRA_2015_Hu-BRA-TO-71-2015_BRA-TO-7, 1.19149646724087E-05,NS, 1.16880232069469E-02, 7.2071445692575E-08, 5.47227031802577E-06,NS,NS,NS, 2.42980589426622E-07,
 21,,,,,,,,MK059956_human_USA_NA_Oxford_NA_cell-culture_serot,GQ901902_human_RUS_2009_NA_Rus-Nsc09-B4_NA_serotyp,OR371570_human_CHN_2022_HAstV-4-Fuzhou-2022-10_NA_
 21,,,,,,,,AF260508_NA_NA_NA_Yuc-8_NA_NA_serotype_8,GQ495608_human_CHN_2007_NA_192-BJ07-CHN_stool_sero,ON571598_human_CHN_2021_NA_2021-Fuzhou-37_feces_se
 21,,,,,,,,,HM237363_NA_NA_NA_NA_Katano_NA_serotype_6,OP432301_human_CHN_2022_NA_HAstV-4-QD-L-22019_NA_s
 21,,,,,,,,,,OP432300_human_CHN_2022_NA_HAstV-4-QD-S-22022_NA_s
 21,,,,,,,,,,OP432299_human_CHN_2021_NA_HAstV-4-RC-21045_NA_ser
 21,,,,,,,,,,OP432298_human_CHN_2022_NA_HAstV-4-QD-S-22015_NA_s
 21,,,,,,,,,,OP432297_human_CHN_2022_NA_HAstV-4-QD-L-22001_NA_s
 21,,,,,,,,,,OP432295_human_CHN_2022_NA_HAstV-4-QD-F-22056_NA_s
 21,,,,,,,,,,OP432294_human_CHN_2022_NA_HAstV-4-QD-L-22040_NA_s
 21,,,,,,,,,,OP432293_human_CHN_2021_NA_HAstV-4-RC-21027_NA_ser
 21,,,,,,,,,,MT906855_human_BRA_2014_Hu-BRA-TO-26-2014_BRA-TO-2
 21,,,,,,,,,,MT906853_human_BRA_2014_Hu-BRA-TO-207-2014_BRA-TO-
 21,,,,,,,,,,KF039913_NA_RUS_2010_NA_Rus-Nsc10-N358_NA_serotype
 21,,,,,,,,,,KF039912_NA_RUS_2005_NA_Rus-Nsc05-623_NA_serotype_
 21,,,,,,,,,,DQ344027_NA_CHN_NA_NA_Guangzhou_NA_serotype_4
 21,,,,,,,,,,AY720891_NA_NA_NA_Dresden_NA_NA_serotype_4

 22 ,23~, 3832, 4165*, 3554, 3828*, 3554, 3828*,^DQ344027_NA_CHN_NA_NA_Guangzhou_NA_serotype_4,FJ755404_human_CHN_2007_Beijing-291-2007-CHN_NA_st,Unknown (MK059953_human_USA_NA_Oxford_NA_cell-culture_serot), 1.25085477880969E-05,NS, 1.46912790425254E-03, 5.22244709467604E-06, .001503817731469, 1.58310168363959E-09,NS,NS,NS,
 22,,,,,,,,OR371570_human_CHN_2022_HAstV-4-Fuzhou-2022-10_NA_,FJ755403_human_CHN_2006_Beijing-176-2006-CHN_NA_st,Unknown(OR222910_human_CHN_2021_NA_SY2106_stool_serotype_5)
 22,,,,,,,,ON571598_human_CHN_2021_NA_2021-Fuzhou-37_feces_se,KF211475_human_CHN_2010_NA_JZ_NA_serotype_1,Unknown(ON571595_human_CHN_2019_NA_2019-Fuzhou-289_feces_s)
 22,,,,,,,,OP432301_human_CHN_2022_NA_HAstV-4-QD-L-22019_NA_s,NC_030922_NA_IND_2004_NA_V1347_NA_serotype_1,Unknown(MT906859_human_BRA_2014_Hu-BRA-TO-32-2014_BRA-TO-3)
 22,,,,,,,,OP432300_human_CHN_2022_NA_HAstV-4-QD-S-22022_NA_s,AY720892_NA_NA_NA_Dresden_NA_NA_serotype_1,Unknown(MT906858_human_BRA_2014_Hu-BRA-TO-57-2014_BRA-TO-5)
 22,,,,,,,,OP432299_human_CHN_2021_NA_HAstV-4-RC-21045_NA_ser,Z25771_NA_NA_NA_NA_NA_NA_serotype_1,Unknown(MT906857_human_BRA_2014_Hu-BRA-TO-40-2014_BRA-TO-4)
 22,,,,,,,,OP432298_human_CHN_2022_NA_HAstV-4-QD-S-22015_NA_s,,Unknown(MT906856_human_BRA_2015_Hu-BRA-TO-65-2015_BRA-TO-6)
 22,,,,,,,,OP432297_human_CHN_2022_NA_HAstV-4-QD-L-22001_NA_s,,Unknown(MT267476_human_ZAF_2015_SA10098_NA_Fecal-Specimen_)
 22,,,,,,,,OP432296_human_CHN_2021_NA_HAstV-4-RC-21047_NA_ser,,Unknown(MN433706_human_USA_2014_Hu-US-2014-CA-RGDS-1073_NA)
 22,,,,,,,,OP432295_human_CHN_2022_NA_HAstV-4-QD-F-22056_NA_s,,Unknown(MF684776_human_CHN_2013_NA_2013-Fuzhou-85_stool_se)
 22,,,,,,,,OP432294_human_CHN_2022_NA_HAstV-4-QD-L-22040_NA_s,,Unknown(JQ403108_human_CHN_2010_NA_DL030_stool_serotype_5)
 22,,,,,,,,OP432293_human_CHN_2021_NA_HAstV-4-RC-21027_NA_ser,,Unknown(DQ028633_NA_BRA_NA_NA_Goiania-GO-12-94-Brazil_stoo)
 22,,,,,,,,MT906855_human_BRA_2014_Hu-BRA-TO-26-2014_BRA-TO-2,,
 22,,,,,,,,MT906854_human_BRA_2015_Hu-BRA-TO-71-2015_BRA-TO-7,,
 22,,,,,,,,MT906853_human_BRA_2014_Hu-BRA-TO-207-2014_BRA-TO-,,
 22,,,,,,,,KF039913_NA_RUS_2010_NA_Rus-Nsc10-N358_NA_serotype,,
 22,,,,,,,,KF039912_NA_RUS_2005_NA_Rus-Nsc05-623_NA_serotype_,,
 22,,,,,,,,MK059952_human_USA_NA_Oxford_NA_cell-culture_serot,,
 22,,,,,,,,DQ070852_NA_BRA_NA_NA_Goiania-GO-12-95-Brazil_NA_s,,
 22,,,,,,,,AY720891_NA_NA_NA_Dresden_NA_NA_serotype_4,,

 23 ,24~, 4192, 114, 3893, 96, 3851, 102,^KF211475_human_CHN_2010_NA_JZ_NA_serotype_1,ON571595_human_CHN_2019_NA_2019-Fuzhou-289_feces_s,NC_030922_NA_IND_2004_NA_V1347_NA_serotype_1, 4.1636529128787E-04, 1.02709145453482E-04,NS,NS,NS,NS,NS,NS, 3.92379496517413E-02,
 23,,,,,,,,,OR222910_human_CHN_2021_NA_SY2106_stool_serotype_5,
 23,,,,,,,,,MT906859_human_BRA_2014_Hu-BRA-TO-32-2014_BRA-TO-3,
 23,,,,,,,,,MT906858_human_BRA_2014_Hu-BRA-TO-57-2014_BRA-TO-5,
 23,,,,,,,,,MT906857_human_BRA_2014_Hu-BRA-TO-40-2014_BRA-TO-4,
 23,,,,,,,,,MT906856_human_BRA_2015_Hu-BRA-TO-65-2015_BRA-TO-6,
 23,,,,,,,,,MT267476_human_ZAF_2015_SA10098_NA_Fecal-Specimen_,
 23,,,,,,,,,MN433706_human_USA_2014_Hu-US-2014-CA-RGDS-1073_NA,
 23,,,,,,,,,MF684776_human_CHN_2013_NA_2013-Fuzhou-85_stool_se,
 23,,,,,,,,,JQ403108_human_CHN_2010_NA_DL030_stool_serotype_5,
 23,,,,,,,,,MK059953_human_USA_NA_Oxford_NA_cell-culture_serot,
 23,,,,,,,,,DQ028633_NA_BRA_NA_NA_Goiania-GO-12-94-Brazil_stoo,

 24 ,25~, 3138, 3491, 2914, 3243, 2908, 3237,^LC732124_human_JPN_2016_Human-JPN-2016-JP14989_Chi,HQ398856_human_HUN_2010_Hu-Nyergesujfalu-HUN4520-2,MK059953_human_USA_NA_Oxford_NA_cell-culture_serot, 7.59333294514529E-04,NS,NS,NS,NS,NS,NS,NS, 2.63514803646657E-02,
 24,,,,,,,,LC732123_human_JPN_2016_Human-JPN-2016-JP14665_Chi,ON571597_human_CHN_2019_NA_2019-Pingtan-42_feces_s,OR222910_human_CHN_2021_NA_SY2106_stool_serotype_5
 24,,,,,,,,LC732122_human_JPN_2016_Human-JPN-2016-JP14641_Chi,ON571596_human_CHN_2019_NA_2019-Fuzhou-306_feces_s,ON571595_human_CHN_2019_NA_2019-Fuzhou-289_feces_s
 24,,,,,,,,LC694985_human_JPN_2019_NA_HAstV3-190610-Tokyo-201,LC694995_human_JPN_2020_NA_HAstV1-192642-Tokyo-202,MT906859_human_BRA_2014_Hu-BRA-TO-32-2014_BRA-TO-3
 24,,,,,,,,MT267483_human_ZAF_2015_SA6118_NA_Fecal-Specimen_s[T],LC694994_human_JPN_2020_NA_HAstV1-193055-Tokyo-202,MT906858_human_BRA_2014_Hu-BRA-TO-57-2014_BRA-TO-5
 24,,,,,,,,MN444721_human_USA_2017_Hu-US-2017-CA-RGDS-1074_NA,LC694993_human_JPN_2020_NA_HAstV1-193061-Tokyo-202,MT906857_human_BRA_2014_Hu-BRA-TO-40-2014_BRA-TO-4
 24,,,,,,,,MK296753_human_IRL_2018_Hu-HAstV3-2016-East-Irelan,LC694992_human_JPN_2021_NA_HAstV1-210628-Tokyo-202,MT906856_human_BRA_2015_Hu-BRA-TO-65-2015_BRA-TO-6
 24,,,,,,,,MG571777_human_VEN_2015_NA_NA_stool_serotype_3,LC694991_human_JPN_2021_NA_HAstV1-210764-Tokyo-202,MT267476_human_ZAF_2015_SA10098_NA_Fecal-Specimen_
 24,,,,,,,,JF491430_human_RUS_2004_NA_Rus-Nsc04-H355_NA_serot,LC694990_human_JPN_2018_NA_HAstV1-181937-Tokyo-201,MN433706_human_USA_2014_Hu-US-2014-CA-RGDS-1073_NA
 24,,,,,,,,GU732187_human_RUS_2008_NA_Rus-Nsc08-3364_NA_serot[T],LC694989_human_JPN_2021_NA_HAstV1-210956-Tokyo-202,MF684776_human_CHN_2013_NA_2013-Fuzhou-85_stool_se
 24,,,,,,,,GU223905_human_RUS_2003_NA_Rus-Nsc03-H191_NA_serot[T],LC694988_human_JPN_2021_NA_HAstV1-210963-Tokyo-202,JQ403108_human_CHN_2010_NA_DL030_stool_serotype_5
 24,,,,,,,,MK059951_human_USA_NA_Oxford_NA_cell-culture_serot[T],LC694987_human_JPN_2021_NA_HAstV1-210984-Tokyo-202,DQ028633_NA_BRA_NA_NA_Goiania-GO-12-94-Brazil_stoo
 24,,,,,,,,,LC694986_human_JPN_2022_NA_HAstV1-211185-Tokyo-202,
 24,,,,,,,,,MT832897_human_BRA_2015_MAstV-1-Hu-BRA-TO-161-2015,
 24,,,,,,,,,MT832896_human_BRA_2015_MAstV-1-Hu-BRA-TO-208-2015,
 24,,,,,,,,,MT832895_human_BRA_2015_MAstV-1-Hu-BRA-TO-171-2015,
 24,,,,,,,,,MT832894_human_BRA_2011_MAstV-1-Hu-BRA-TO-162-2011,
 24,,,,,,,,,MT832893_human_BRA_2015_MAstV-1-Hu-BRA-TO-160-2015,
 24,,,,,,,,,MT832892_human_BRA_2015_MAstV-1-Hu-BRA-TO-98-2015_,
 24,,,,,,,,,MN433704_human_USA_2013_Hu-US-2013-CA-RGDS-1071_NA,
 24,,,,,,,,,MN433703_human_USA_2013_Hu-US-2013-CA-RGDS-1070_NA,
 24,,,,,,,,,FJ755402_human_CHN_2005_Beijing-128-2005-CHN_NA_st,
 24,,,,,,,,,KF211475_human_CHN_2010_NA_JZ_NA_serotype_1,
 24,,,,,,,,,JN887820_human_KOR_2006_lhar-2011-kor_NA_stool_ser,
 24,,,,,,,,,MK059949_human_USA_NA_Oxford_NA_cell-culture_serot,
 24,,,,,,,,,L23513_NA_NA_NA_NA_Oxford_NA_serotype_1,
 24,,,,,,,,,Z25771_NA_NA_NA_NA_NA_NA_serotype_1,

 25 ,26~, 3866, 4185*, 3597, 3904*, 3588, 3844*,^MK059955_human_USA_NA_Oxford_NA_cell-culture_serot,MK296753_human_IRL_2018_Hu-HAstV3-2016-East-Irelan,Unknown (GQ495608_human_CHN_2007_NA_192-BJ07-CHN_stool_sero),NS, 9.01638241585651E-07,NS, 1.76492005976112E-06, 8.78928149336167E-05, 8.5293229715044E-17,NS,NS,NS,
 25,,,,,,,,,LC732124_human_JPN_2016_Human-JPN-2016-JP14989_Chi,Unknown(GQ901902_human_RUS_2009_NA_Rus-Nsc09-B4_NA_serotyp)
 25,,,,,,,,,LC732123_human_JPN_2016_Human-JPN-2016-JP14665_Chi,Unknown(MK059954_human_USA_NA_Oxford_NA_cell-culture_serot)
 25,,,,,,,,,LC732122_human_JPN_2016_Human-JPN-2016-JP14641_Chi,Unknown(HM237363_NA_NA_NA_NA_Katano_NA_serotype_6)
 25,,,,,,,,,LC694985_human_JPN_2019_NA_HAstV3-190610-Tokyo-201,
 25,,,,,,,,,MT267483_human_ZAF_2015_SA6118_NA_Fecal-Specimen_s,
 25,,,,,,,,,MN444721_human_USA_2017_Hu-US-2017-CA-RGDS-1074_NA,
 25,,,,,,,,,MG571777_human_VEN_2015_NA_NA_stool_serotype_3,
 25,,,,,,,,,JF491430_human_RUS_2004_NA_Rus-Nsc04-H355_NA_serot,
 25,,,,,,,,,GU732187_human_RUS_2008_NA_Rus-Nsc08-3364_NA_serot,
 25,,,,,,,,,GU223905_human_RUS_2003_NA_Rus-Nsc03-H191_NA_serot,
 25,,,,,,,,,MK059951_human_USA_NA_Oxford_NA_cell-culture_serot,

 26 ,27~, 2220, 2254, 2029, 2063, 2020, 2054,Z25771_NA_NA_NA_NA_NA_NA_serotype_1,Unknown (MW485040_human_KEN_2019_KLF-HAstV1-008-2019_NA_NA_),LC694988_human_JPN_2021_NA_HAstV1-210963-Tokyo-202, 2.18372673524936E-03, 1.27998276880415E-02,NS,NS,NS,NS,NS,NS,NS,
 26,,,,,,,,,Unknown(OQ630461_human_GIN_2021_NA_SEN-21-286-S1_Stool-Sam),ON571597_human_CHN_2019_NA_2019-Pingtan-42_feces_s
 26,,,,,,,,,Unknown(LC694997_human_JPN_2018_NA_HAstV1-181289-Tokyo-201),ON571596_human_CHN_2019_NA_2019-Fuzhou-306_feces_s
 26,,,,,,,,,Unknown(LC694996_human_JPN_2018_NA_HAstV1-181290-Tokyo-201),LC694995_human_JPN_2020_NA_HAstV1-192642-Tokyo-202
 26,,,,,,,,,Unknown(KC342249_human_CHN_2012_NA_km1_stool-sample_seroty),LC694994_human_JPN_2020_NA_HAstV1-193055-Tokyo-202
 26,,,,,,,,,,LC694993_human_JPN_2020_NA_HAstV1-193061-Tokyo-202
 26,,,,,,,,,,LC694992_human_JPN_2021_NA_HAstV1-210628-Tokyo-202
 26,,,,,,,,,,LC694991_human_JPN_2021_NA_HAstV1-210764-Tokyo-202
 26,,,,,,,,,,LC694990_human_JPN_2018_NA_HAstV1-181937-Tokyo-201
 26,,,,,,,,,,LC694989_human_JPN_2021_NA_HAstV1-210956-Tokyo-202
 26,,,,,,,,,,LC694986_human_JPN_2022_NA_HAstV1-211185-Tokyo-202

 27 ,28~, 1633*, 1908, 1548*, 1708, 1548*, 1708,^GQ495608_human_CHN_2007_NA_192-BJ07-CHN_stool_sero,DQ344027_NA_CHN_NA_NA_Guangzhou_NA_serotype_4,KC342249_human_CHN_2012_NA_km1_stool-sample_seroty, 4.03563317895116E-03,NS,NS, .035143199984752,NS,NS,NS,NS,NS,
 27,,,,,,,,HM237363_NA_NA_NA_NA_Katano_NA_serotype_6,KF039913_NA_RUS_2010_NA_Rus-Nsc10-N358_NA_serotype,

 28 ,30~, 3332, 4021, 3075, 3737, 3081, 3698,^HM237363_NA_NA_NA_NA_Katano_NA_serotype_6,ON571595_human_CHN_2019_NA_2019-Fuzhou-289_feces_s,MW485040_human_KEN_2019_KLF-HAstV1-008-2019_NA_NA_,NS,NS,NS, 1.62577899512906E-02,NS, 2.64385095728327E-34,NS,NS,NS,
 28,,,,,,,,GQ901902_human_RUS_2009_NA_Rus-Nsc09-B4_NA_serotyp,,
 28,,,,,,,,GQ495608_human_CHN_2007_NA_192-BJ07-CHN_stool_sero,,
 28,,,,,,,,MK059954_human_USA_NA_Oxford_NA_cell-culture_serot,,

 29 ,32~, 1633*, 1908, 1548*, 1708, 1548*, 1708,^MK059954_human_USA_NA_Oxford_NA_cell-culture_serot,DQ344027_NA_CHN_NA_NA_Guangzhou_NA_serotype_4,MK059949_human_USA_NA_Oxford_NA_cell-culture_serot, 8.98640140197247E-03,NS, 9.64059774596447E-03,NS, .015460066049886,NS,NS,NS,NS,
 29,,,,,,,,GQ901902_human_RUS_2009_NA_Rus-Nsc09-B4_NA_serotyp,KF039913_NA_RUS_2010_NA_Rus-Nsc10-N358_NA_serotype,ON571594_human_CHN_2019_NA_2019-Fuzhou-26_feces_se
 29,,,,,,,,,,KC342249_human_CHN_2012_NA_km1_stool-sample_seroty
 29,,,,,,,,,,NC_030922_NA_IND_2004_NA_V1347_NA_serotype_1
 29,,,,,,,,,,L23513_NA_NA_NA_NA_Oxford_NA_serotype_1

Table Key:
~            = It is possible that this apparent recombination signal could have been caused by an evolutionary
               process other than recombination.
*            = The actual breakpoint position is undetermined (it was most likely overprinted by a subsequent 
               recombination event).
^            = The recombinant sequence may have been misidentified (one of the identified parents might be the recombinant)
Minor Parent = Parent contributing the smaller fraction of sequence.
Major Parent = Parent contributing the larger fraction of sequence.
Unknown      = Only one parent and a recombinant need be in the alignment for a recombination event to be detectable.
               The sequence listed as unknown was used to infer the existance of a missing parental sequence.
NS           = No significant P-value was recorded for this recombination event using this method.
